"","Point Forecast","Lo 80","Hi 80","Lo 95","Hi 95"
"27",47.7307692307692,17.8156920929731,77.6458463685654,1.97960684199567,93.4819316195428
"28",47.7307692307692,17.8156920929731,77.6458463685654,1.97960684199567,93.4819316195428
"29",47.7307692307692,17.8156920929731,77.6458463685654,1.97960684199567,93.4819316195428
"30",47.7307692307692,17.8156920929731,77.6458463685654,1.97960684199567,93.4819316195428
"31",47.7307692307692,17.8156920929731,77.6458463685654,1.97960684199567,93.4819316195428
"32",47.7307692307692,17.8156920929731,77.6458463685654,1.97960684199567,93.4819316195428
