"","Point Forecast","Lo 80","Hi 80","Lo 95","Hi 95","naive","se","holt","tbats"
"27",47.7307692307692,17.8156920929731,77.6458463685654,1.97960684199567,93.4819316195428,47.7333024294169,47.7295173017427,46.1189194334576,76.949497435097
"28",47.7307692307692,17.8156920929731,77.6458463685654,1.97960684199567,93.4819316195428,47.7333024294169,47.7295173017427,45.3443704065532,52.2863852167542
"29",47.7307692307692,17.8156920929731,77.6458463685654,1.97960684199567,93.4819316195428,47.7333024294169,47.7295173017427,44.5698213796488,12.6585410531129
