"","Point Forecast","Lo 80","Hi 80","Lo 95","Hi 95"
"27",46.1189194334576,12.8587147723043,79.3791240946108,-4.74817402336282,96.9860128902779
"28",45.3443704065532,12.0574454645119,78.6312953485944,-5.56358819343058,96.2523290065369
"29",44.5698213796488,11.222854087901,77.9167886713965,-6.42996407001932,95.5696068293168
