"","Point Forecast","Lo 80","Hi 80","Lo 95","Hi 95"
"27",47.7333024294169,16.5951438620288,78.8714609968051,0.111598412346609,95.3550064464873
"28",47.7333024294169,16.5951437059294,78.8714611529045,0.111598173613174,95.3550066852207
"29",47.7333024294169,16.59514354983,78.8714613090039,0.111597934879732,95.3550069239541
