"","Point Forecast","Lo 80","Hi 80","Lo 95","Hi 95"
"27",47.7295173017427,16.5913608538353,78.86767374965,0.107816526138464,95.3512180773469
"28",47.7295173017427,16.5913606981322,78.8676739053531,0.107816288011165,95.3512183154742
"29",47.7295173017427,16.5913605424292,78.8676740610562,0.107816049883873,95.3512185536015
