"","Point.Forecast","Lo.80","Hi.80","Lo.95","Hi.95"
"27",76.949497435097,66.3118679264004,87.5871269437935,60.6806470208995,93.2183478492945
"28",52.2863852167542,40.2393661676899,64.3334042658186,33.86205950716,70.7107109263484
"29",12.6585410531129,0.341611632910144,24.9754704733157,-6.1785769472545,31.4956590534803
